<?xml version="1.0" encoding="UTF-8"?>
<!DOCTYPE plist PUBLIC "-//Apple//DTD PLIST 1.0//EN" "http://www.apple.com/DTDs/PropertyList-1.0.dtd">
<plist version="1.0">
<dict>
	<key>author</key>
	<string></string>
	<key>comments</key>
	<string></string>
	<key>isUsingConstrainedLayout</key>
	<false/>
	<key>keywords</key>
	<string></string>
	<key>mindMap</key>
	<dict>
		<key>associations</key>
		<array>
			<dict>
				<key>endArrow</key>
				<integer>1</integer>
				<key>endNodeID</key>
				<string>CF4D4FCE-7BA1-4FF2-B4DD-57FC1932A1BD</string>
				<key>startArrow</key>
				<integer>0</integer>
				<key>startNodeID</key>
				<string>49433EB7-A345-4819-87AB-D35694A476E9</string>
				<key>strokeColor</key>
				<string>{0.000, 0.500, 1.000, 1.000}</string>
				<key>strokeStyle</key>
				<integer>1</integer>
				<key>strokeWidth</key>
				<real>1</real>
				<key>wayPointOffset</key>
				<string>{1227.9, 168.098}</string>
			</dict>
			<dict>
				<key>endArrow</key>
				<integer>1</integer>
				<key>endNodeID</key>
				<string>CF4D4FCE-7BA1-4FF2-B4DD-57FC1932A1BD</string>
				<key>startArrow</key>
				<integer>0</integer>
				<key>startNodeID</key>
				<string>C15494F4-C0AC-4616-A3E3-F772850B9F8B</string>
				<key>strokeColor</key>
				<string>{0.000, 0.500, 1.000, 1.000}</string>
				<key>strokeStyle</key>
				<integer>1</integer>
				<key>strokeWidth</key>
				<real>1</real>
				<key>wayPointOffset</key>
				<string>{1035.02, -12.492}</string>
			</dict>
		</array>
		<key>color</key>
		<string>{1.000, 1.000, 1.000, 1.000}</string>
		<key>mainNodes</key>
		<array>
			<dict>
				<key>contentAlignment</key>
				<integer>1</integer>
				<key>fillColor</key>
				<string>{1.000, 1.000, 1.000, 1.000}</string>
				<key>isDecreasingBranchThickness</key>
				<true/>
				<key>isDrawingFill</key>
				<true/>
				<key>isLeftAligned</key>
				<false/>
				<key>location</key>
				<string>{-661.39989636112477, 190.83372296116113}</string>
				<key>nodeID</key>
				<string>3675E5C7-5CF2-4987-8D9E-8FC901610AE4</string>
				<key>strokeColor</key>
				<string>{0.500, 0.500, 0.500, 1.000}</string>
				<key>strokeStyle</key>
				<integer>0</integer>
				<key>strokeWidth</key>
				<real>2</real>
				<key>subnodes</key>
				<array>
					<dict>
						<key>contentAlignment</key>
						<integer>1</integer>
						<key>fillColor</key>
						<string>{1.000, 1.000, 1.000, 1.000}</string>
						<key>isDecreasingBranchThickness</key>
						<true/>
						<key>isDrawingFill</key>
						<false/>
						<key>isLeftAligned</key>
						<true/>
						<key>location</key>
						<string>{-691.83685402433048, -22.274559566529661}</string>
						<key>nodeID</key>
						<string>4CBAEE22-2D11-4076-BDB6-2E0BDB88511B</string>
						<key>strokeColor</key>
						<string>{0.467, 0.000, 0.851, 1.000}</string>
						<key>strokeStyle</key>
						<integer>0</integer>
						<key>strokeWidth</key>
						<real>6</real>
						<key>subnodes</key>
						<array>
							<dict>
								<key>contentAlignment</key>
								<integer>1</integer>
								<key>fillColor</key>
								<string>{1.000, 1.000, 1.000, 1.000}</string>
								<key>isDecreasingBranchThickness</key>
								<true/>
								<key>isDrawingFill</key>
								<false/>
								<key>isLeftAligned</key>
								<true/>
								<key>location</key>
								<string>{-830.09466652433048, -81.079247066529661}</string>
								<key>nodeID</key>
								<string>8EA4482A-716F-4FCC-B876-A1BBEB9D81B9</string>
								<key>strokeColor</key>
								<string>{0.467, 0.000, 0.851, 1.000}</string>
								<key>strokeStyle</key>
								<integer>0</integer>
								<key>strokeWidth</key>
								<real>5</real>
								<key>subnodes</key>
								<array>
									<dict>
										<key>contentAlignment</key>
										<integer>1</integer>
										<key>fillColor</key>
										<string>{1.000, 1.000, 1.000, 1.000}</string>
										<key>isDecreasingBranchThickness</key>
										<true/>
										<key>isDrawingFill</key>
										<false/>
										<key>isLeftAligned</key>
										<true/>
										<key>location</key>
										<string>{-1176.043117006325, -294.98504579904647}</string>
										<key>nodeID</key>
										<string>3C7F302C-BA36-4777-B07F-62DCBD2AA480</string>
										<key>strokeColor</key>
										<string>{0.467, 0.000, 0.851, 1.000}</string>
										<key>strokeStyle</key>
										<integer>0</integer>
										<key>strokeWidth</key>
										<real>4</real>
										<key>subnodes</key>
										<array>
											<dict>
												<key>attachment</key>
												<dict>
													<key>fileName</key>
													<string>DAC46108-D499-43FD-B408-C90BF2E36500.tiff</string>
													<key>size</key>
													<string>{668.69644891648068, 133.34125618275064}</string>
													<key>type</key>
													<integer>2</integer>
												</dict>
												<key>contentAlignment</key>
												<integer>1</integer>
												<key>fillColor</key>
												<string>{1.000, 1.000, 1.000, 1.000}</string>
												<key>isDecreasingBranchThickness</key>
												<true/>
												<key>isDrawingFill</key>
												<false/>
												<key>isLeftAligned</key>
												<true/>
												<key>location</key>
												<string>{-1991.7710890243754, -605.78388901294977}</string>
												<key>nodeID</key>
												<string>00E82FF2-F2BC-43B3-AA52-5FF947CB0D3A</string>
												<key>strokeColor</key>
												<string>{0.467, 0.000, 0.851, 1.000}</string>
												<key>strokeStyle</key>
												<integer>0</integer>
												<key>strokeWidth</key>
												<real>3</real>
												<key>subnodes</key>
												<array/>
												<key>title</key>
												<dict>
													<key>constrainedWidth</key>
													<integer>802</integer>
													<key>htmlText</key>
													<string>&lt;p style='color: rgba(0, 0, 0, 1.000000); font: italic 36px "Helvetica Neue"; -cocoa-font-postscriptname: "HelveticaNeue-MediumItalic"; '&gt;struct semaphore&lt;/p&gt;</string>
													<key>shrinkToFitContent</key>
													<integer>0</integer>
													<key>text</key>
													<string>{\rtf1\ansi\ansicpg1252\cocoartf1265
{\fonttbl\f0\fnil\fcharset0 HelveticaNeue-MediumItalic;}
{\colortbl;\red255\green255\blue255;\red0\green0\blue0;}
\pard\tx560\tx1120\tx1680\tx2240\tx2800\tx3360\tx3920\tx4480\tx5040\tx5600\tx6160\tx6720\pardirnatural

\f0\i\fs72 \cf2 struct semaphore}</string>
												</dict>
											</dict>
											<dict>
												<key>attachment</key>
												<dict>
													<key>fileName</key>
													<string>CE8D44CA-CC83-4B5E-8734-142FB836C365.tiff</string>
													<key>size</key>
													<string>{510.4140625, 102.33240372860632}</string>
													<key>type</key>
													<integer>2</integer>
												</dict>
												<key>contentAlignment</key>
												<integer>1</integer>
												<key>fillColor</key>
												<string>{1.000, 1.000, 1.000, 1.000}</string>
												<key>isDecreasingBranchThickness</key>
												<true/>
												<key>isDrawingFill</key>
												<false/>
												<key>isLeftAligned</key>
												<true/>
												<key>location</key>
												<string>{-1889.3927316775685, -375.41704142855747}</string>
												<key>nodeID</key>
												<string>41A66237-E5E6-49B1-8551-4258B3ACF94E</string>
												<key>strokeColor</key>
												<string>{0.467, 0.000, 0.851, 1.000}</string>
												<key>strokeStyle</key>
												<integer>0</integer>
												<key>strokeWidth</key>
												<real>3</real>
												<key>subnodes</key>
												<array/>
												<key>title</key>
												<dict>
													<key>constrainedWidth</key>
													<integer>329</integer>
													<key>htmlText</key>
													<string>&lt;p style='color: rgba(0, 0, 0, 1.000000); font: italic 36px "Helvetica Neue"; -cocoa-font-postscriptname: "HelveticaNeue-MediumItalic"; '&gt;struct list_head&lt;/p&gt;</string>
													<key>shrinkToFitContent</key>
													<integer>0</integer>
													<key>text</key>
													<string>{\rtf1\ansi\ansicpg1252\cocoartf1265
{\fonttbl\f0\fnil\fcharset0 HelveticaNeue-MediumItalic;}
{\colortbl;\red255\green255\blue255;\red0\green0\blue0;}
\pard\tx560\tx1120\tx1680\tx2240\tx2800\tx3360\tx3920\tx4480\tx5040\tx5600\tx6160\tx6720\pardirnatural

\f0\i\fs72 \cf2 struct list_head}</string>
												</dict>
											</dict>
										</array>
										<key>title</key>
										<dict>
											<key>constrainedWidth</key>
											<integer>300</integer>
											<key>htmlText</key>
											<string>&lt;p style='color: rgba(0, 0, 0, 1.000000); font: italic 36px "Helvetica Neue"; -cocoa-font-postscriptname: "HelveticaNeue-MediumItalic"; '&gt;semaphore.h&lt;/p&gt;</string>
											<key>shrinkToFitContent</key>
											<integer>1</integer>
											<key>text</key>
											<string>{\rtf1\ansi\ansicpg1252\cocoartf1265
{\fonttbl\f0\fnil\fcharset0 HelveticaNeue-MediumItalic;}
{\colortbl;\red255\green255\blue255;\red0\green0\blue0;}
\pard\tx560\tx1120\tx1680\tx2240\tx2800\tx3360\tx3920\tx4480\tx5040\tx5600\tx6160\tx6720\pardirnatural

\f0\i\fs72 \cf2 semaphore.h}</string>
										</dict>
									</dict>
									<dict>
										<key>contentAlignment</key>
										<integer>1</integer>
										<key>fillColor</key>
										<string>{1.000, 1.000, 1.000, 1.000}</string>
										<key>isDecreasingBranchThickness</key>
										<true/>
										<key>isDrawingFill</key>
										<false/>
										<key>isLeftAligned</key>
										<true/>
										<key>location</key>
										<string>{-2056.4557509661172, -90.523367598971618}</string>
										<key>nodeID</key>
										<string>7BFCC50C-ABB9-4EAF-8476-93B1DD8747AD</string>
										<key>strokeColor</key>
										<string>{0.467, 0.000, 0.851, 1.000}</string>
										<key>strokeStyle</key>
										<integer>0</integer>
										<key>strokeWidth</key>
										<real>4</real>
										<key>subnodes</key>
										<array>
											<dict>
												<key>contentAlignment</key>
												<integer>1</integer>
												<key>fillColor</key>
												<string>{1.000, 1.000, 1.000, 1.000}</string>
												<key>isDecreasingBranchThickness</key>
												<true/>
												<key>isDrawingFill</key>
												<false/>
												<key>isLeftAligned</key>
												<true/>
												<key>location</key>
												<string>{-2850.9787032442846, -557.09162658436412}</string>
												<key>nodeID</key>
												<string>43B6FBEF-521B-4480-A9F5-2135C8772097</string>
												<key>strokeColor</key>
												<string>{0.467, 0.000, 0.851, 1.000}</string>
												<key>strokeStyle</key>
												<integer>0</integer>
												<key>strokeWidth</key>
												<real>3</real>
												<key>subnodes</key>
												<array/>
												<key>title</key>
												<dict>
													<key>constrainedWidth</key>
													<integer>300</integer>
													<key>htmlText</key>
													<string>&lt;p style='color: rgba(0, 0, 0, 1.000000); font: italic 36px "Helvetica Neue"; -cocoa-font-postscriptname: "HelveticaNeue-MediumItalic"; '&gt;struct task_struct&lt;/p&gt;</string>
													<key>shrinkToFitContent</key>
													<integer>1</integer>
													<key>text</key>
													<string>{\rtf1\ansi\ansicpg1252\cocoartf1265
{\fonttbl\f0\fnil\fcharset0 HelveticaNeue-MediumItalic;}
{\colortbl;\red255\green255\blue255;\red0\green0\blue0;}
\pard\tx560\tx1120\tx1680\tx2240\tx2800\tx3360\tx3920\tx4480\tx5040\tx5600\tx6160\tx6720\pardirnatural

\f0\i\fs72 \cf2 struct task_struct}</string>
												</dict>
											</dict>
											<dict>
												<key>attachment</key>
												<dict>
													<key>fileName</key>
													<string>63C17838-74E8-4307-885A-14DD1148CEF7.tiff</string>
													<key>size</key>
													<string>{513.31939827326823, 47.132832896543832}</string>
													<key>type</key>
													<integer>2</integer>
												</dict>
												<key>contentAlignment</key>
												<integer>1</integer>
												<key>fillColor</key>
												<string>{1.000, 1.000, 1.000, 1.000}</string>
												<key>isDecreasingBranchThickness</key>
												<true/>
												<key>isDrawingFill</key>
												<false/>
												<key>isLeftAligned</key>
												<true/>
												<key>location</key>
												<string>{-3098.7001226168204, -35.405789439171258}</string>
												<key>nodeID</key>
												<string>BDC76156-96BD-46F6-91FE-A3659794222A</string>
												<key>strokeColor</key>
												<string>{0.467, 0.000, 0.851, 1.000}</string>
												<key>strokeStyle</key>
												<integer>0</integer>
												<key>strokeWidth</key>
												<real>3</real>
												<key>subnodes</key>
												<array/>
												<key>title</key>
												<dict>
													<key>constrainedWidth</key>
													<integer>944</integer>
													<key>htmlText</key>
													<string>&lt;p style='color: rgba(0, 0, 0, 1.000000); font: italic 36px "Helvetica Neue"; -cocoa-font-postscriptname: "HelveticaNeue-MediumItalic"; '&gt;__set_task_state&lt;/p&gt;</string>
													<key>shrinkToFitContent</key>
													<integer>0</integer>
													<key>text</key>
													<string>{\rtf1\ansi\ansicpg1252\cocoartf1265
{\fonttbl\f0\fnil\fcharset0 HelveticaNeue-MediumItalic;}
{\colortbl;\red255\green255\blue255;\red0\green0\blue0;}
\pard\tx560\tx1120\tx1680\tx2240\tx2800\tx3360\tx3920\tx4480\tx5040\tx5600\tx6160\tx6720\pardirnatural

\f0\i\fs72 \cf2 __set_task_state}</string>
												</dict>
											</dict>
											<dict>
												<key>attachment</key>
												<dict>
													<key>fileName</key>
													<string>8E26B116-ABDA-47C5-8854-FCEAF8E2256F.tiff</string>
													<key>size</key>
													<string>{468.83086954374789, 373.83093018883073}</string>
													<key>type</key>
													<integer>2</integer>
												</dict>
												<key>contentAlignment</key>
												<integer>1</integer>
												<key>fillColor</key>
												<string>{1.000, 1.000, 1.000, 1.000}</string>
												<key>isDecreasingBranchThickness</key>
												<true/>
												<key>isDrawingFill</key>
												<false/>
												<key>isLeftAligned</key>
												<true/>
												<key>location</key>
												<string>{-2866.8313010895299, 187.69789488648735}</string>
												<key>nodeID</key>
												<string>397FA947-EF4C-444C-BCCD-644F0B73602D</string>
												<key>strokeColor</key>
												<string>{0.467, 0.000, 0.851, 1.000}</string>
												<key>strokeStyle</key>
												<integer>0</integer>
												<key>strokeWidth</key>
												<real>3</real>
												<key>subnodes</key>
												<array/>
												<key>title</key>
												<dict>
													<key>constrainedWidth</key>
													<integer>839</integer>
													<key>htmlText</key>
													<string>&lt;p style='color: rgba(0, 0, 0, 1.000000); font: italic 36px "Helvetica Neue"; -cocoa-font-postscriptname: "HelveticaNeue-MediumItalic"; '&gt;task_state&lt;/p&gt;</string>
													<key>shrinkToFitContent</key>
													<integer>0</integer>
													<key>text</key>
													<string>{\rtf1\ansi\ansicpg1252\cocoartf1265
{\fonttbl\f0\fnil\fcharset0 HelveticaNeue-MediumItalic;}
{\colortbl;\red255\green255\blue255;\red0\green0\blue0;}
\pard\tx560\tx1120\tx1680\tx2240\tx2800\tx3360\tx3920\tx4480\tx5040\tx5600\tx6160\tx6720\pardirnatural

\f0\i\fs72 \cf2 task_state}</string>
												</dict>
											</dict>
										</array>
										<key>title</key>
										<dict>
											<key>constrainedWidth</key>
											<integer>300</integer>
											<key>htmlText</key>
											<string>&lt;p style='color: rgba(0, 0, 0, 1.000000); font: italic 36px "Helvetica Neue"; -cocoa-font-postscriptname: "HelveticaNeue-MediumItalic"; '&gt;sched.h&lt;/p&gt;</string>
											<key>shrinkToFitContent</key>
											<integer>1</integer>
											<key>text</key>
											<string>{\rtf1\ansi\ansicpg1252\cocoartf1265
{\fonttbl\f0\fnil\fcharset0 HelveticaNeue-MediumItalic;}
{\colortbl;\red255\green255\blue255;\red0\green0\blue0;}
\pard\tx560\tx1120\tx1680\tx2240\tx2800\tx3360\tx3920\tx4480\tx5040\tx5600\tx6160\tx6720\pardirnatural

\f0\i\fs72 \cf2 sched.h}</string>
										</dict>
									</dict>
									<dict>
										<key>attachment</key>
										<dict>
											<key>fileName</key>
											<string>C50CA89A-724E-4F0F-94D6-21E85F71387A.tiff</string>
											<key>size</key>
											<string>{641.13695702434143, 117.64705245890009}</string>
											<key>type</key>
											<integer>2</integer>
										</dict>
										<key>contentAlignment</key>
										<integer>1</integer>
										<key>fillColor</key>
										<string>{1.000, 1.000, 1.000, 1.000}</string>
										<key>isDecreasingBranchThickness</key>
										<true/>
										<key>isDrawingFill</key>
										<false/>
										<key>isLeftAligned</key>
										<true/>
										<key>location</key>
										<string>{-1950.1130588001731, 284.38217435159254}</string>
										<key>nodeID</key>
										<string>B900CCA2-73AA-4D29-BB6E-5E87E77024C2</string>
										<key>strokeColor</key>
										<string>{0.467, 0.000, 0.851, 1.000}</string>
										<key>strokeStyle</key>
										<integer>0</integer>
										<key>strokeWidth</key>
										<real>4</real>
										<key>subnodes</key>
										<array/>
										<key>title</key>
										<dict>
											<key>constrainedWidth</key>
											<integer>1096</integer>
											<key>htmlText</key>
											<string>&lt;p style='color: rgba(0, 0, 0, 1.000000); font: italic 36px "Helvetica Neue"; -cocoa-font-postscriptname: "HelveticaNeue-MediumItalic"; '&gt;syscalls.h&lt;/p&gt;</string>
											<key>shrinkToFitContent</key>
											<integer>0</integer>
											<key>text</key>
											<string>{\rtf1\ansi\ansicpg1252\cocoartf1265
{\fonttbl\f0\fnil\fcharset0 HelveticaNeue-MediumItalic;}
{\colortbl;\red255\green255\blue255;\red0\green0\blue0;}
\pard\tx560\tx1120\tx1680\tx2240\tx2800\tx3360\tx3920\tx4480\tx5040\tx5600\tx6160\tx6720\pardirnatural

\f0\i\fs72 \cf2 syscalls.h}</string>
										</dict>
									</dict>
								</array>
								<key>title</key>
								<dict>
									<key>constrainedWidth</key>
									<integer>300</integer>
									<key>htmlText</key>
									<string>&lt;p style='color: rgba(0, 0, 0, 1.000000); font: italic 36px "Helvetica Neue"; -cocoa-font-postscriptname: "HelveticaNeue-MediumItalic"; '&gt;linux&lt;/p&gt;</string>
									<key>shrinkToFitContent</key>
									<integer>1</integer>
									<key>text</key>
									<string>{\rtf1\ansi\ansicpg1252\cocoartf1265
{\fonttbl\f0\fnil\fcharset0 HelveticaNeue-MediumItalic;}
{\colortbl;\red255\green255\blue255;\red0\green0\blue0;}
\pard\tx560\tx1120\tx1680\tx2240\tx2800\tx3360\tx3920\tx4480\tx5040\tx5600\tx6160\tx6720\pardirnatural

\f0\i\fs72 \cf2 linux}</string>
								</dict>
							</dict>
							<dict>
								<key>contentAlignment</key>
								<integer>1</integer>
								<key>fillColor</key>
								<string>{1.000, 1.000, 1.000, 1.000}</string>
								<key>isDecreasingBranchThickness</key>
								<true/>
								<key>isDrawingFill</key>
								<false/>
								<key>isLeftAligned</key>
								<true/>
								<key>location</key>
								<string>{-854.63347547791523, 526.50867873292657}</string>
								<key>nodeID</key>
								<string>DE3094D1-EC9A-4310-A190-A33B31948A79</string>
								<key>strokeColor</key>
								<string>{0.467, 0.000, 0.851, 1.000}</string>
								<key>strokeStyle</key>
								<integer>0</integer>
								<key>strokeWidth</key>
								<real>5</real>
								<key>subnodes</key>
								<array>
									<dict>
										<key>contentAlignment</key>
										<integer>1</integer>
										<key>fillColor</key>
										<string>{1.000, 1.000, 1.000, 1.000}</string>
										<key>isDecreasingBranchThickness</key>
										<true/>
										<key>isDrawingFill</key>
										<false/>
										<key>isLeftAligned</key>
										<true/>
										<key>location</key>
										<string>{-1205.8241825848802, 514.35834657288774}</string>
										<key>nodeID</key>
										<string>49433EB7-A345-4819-87AB-D35694A476E9</string>
										<key>strokeColor</key>
										<string>{0.467, 0.000, 0.851, 1.000}</string>
										<key>strokeStyle</key>
										<integer>0</integer>
										<key>strokeWidth</key>
										<real>4</real>
										<key>subnodes</key>
										<array/>
										<key>title</key>
										<dict>
											<key>constrainedWidth</key>
											<integer>300</integer>
											<key>htmlText</key>
											<string>&lt;p style='color: rgba(0, 0, 0, 1.000000); font: italic 36px "Helvetica Neue"; -cocoa-font-postscriptname: "HelveticaNeue-MediumItalic"; '&gt;current&lt;/p&gt;</string>
											<key>shrinkToFitContent</key>
											<integer>1</integer>
											<key>text</key>
											<string>{\rtf1\ansi\ansicpg1252\cocoartf1265
{\fonttbl\f0\fnil\fcharset0 HelveticaNeue-MediumItalic;}
{\colortbl;\red255\green255\blue255;\red0\green0\blue0;}
\pard\tx560\tx1120\tx1680\tx2240\tx2800\tx3360\tx3920\tx4480\tx5040\tx5600\tx6160\tx6720\pardirnatural

\f0\i\fs72 \cf2 current}</string>
										</dict>
									</dict>
								</array>
								<key>title</key>
								<dict>
									<key>constrainedWidth</key>
									<integer>300</integer>
									<key>htmlText</key>
									<string>&lt;p style='color: rgba(0, 0, 0, 1.000000); font: italic 36px "Helvetica Neue"; -cocoa-font-postscriptname: "HelveticaNeue-MediumItalic"; '&gt;asm&lt;/p&gt;</string>
									<key>shrinkToFitContent</key>
									<integer>1</integer>
									<key>text</key>
									<string>{\rtf1\ansi\ansicpg1252\cocoartf1265
{\fonttbl\f0\fnil\fcharset0 HelveticaNeue-MediumItalic;}
{\colortbl;\red255\green255\blue255;\red0\green0\blue0;}
\pard\tx560\tx1120\tx1680\tx2240\tx2800\tx3360\tx3920\tx4480\tx5040\tx5600\tx6160\tx6720\pardirnatural

\f0\i\fs72 \cf2 asm}</string>
								</dict>
							</dict>
						</array>
						<key>title</key>
						<dict>
							<key>constrainedWidth</key>
							<integer>300</integer>
							<key>htmlText</key>
							<string>&lt;p style='color: rgba(0, 0, 0, 1.000000); font: italic 36px "Helvetica Neue"; -cocoa-font-postscriptname: "HelveticaNeue-MediumItalic"; '&gt;include&lt;/p&gt;</string>
							<key>shrinkToFitContent</key>
							<integer>1</integer>
							<key>text</key>
							<string>{\rtf1\ansi\ansicpg1252\cocoartf1265
{\fonttbl\f0\fnil\fcharset0 HelveticaNeue-MediumItalic;}
{\colortbl;\red255\green255\blue255;\red0\green0\blue0;}
\pard\tx560\tx1120\tx1680\tx2240\tx2800\tx3360\tx3920\tx4480\tx5040\tx5600\tx6160\tx6720\pardirnatural

\f0\i\fs72 \cf2 include}</string>
						</dict>
					</dict>
					<dict>
						<key>contentAlignment</key>
						<integer>1</integer>
						<key>fillColor</key>
						<string>{1.000, 1.000, 1.000, 1.000}</string>
						<key>isDecreasingBranchThickness</key>
						<true/>
						<key>isDrawingFill</key>
						<false/>
						<key>isLeftAligned</key>
						<false/>
						<key>location</key>
						<string>{-504.22094421844292, 419.39967832668174}</string>
						<key>nodeID</key>
						<string>14103AD1-C6FC-4549-AFAF-A0BE4B72E1F3</string>
						<key>strokeColor</key>
						<string>{0.000, 0.608, 0.847, 1.000}</string>
						<key>strokeStyle</key>
						<integer>0</integer>
						<key>strokeWidth</key>
						<real>6</real>
						<key>subnodes</key>
						<array>
							<dict>
								<key>contentAlignment</key>
								<integer>1</integer>
								<key>fillColor</key>
								<string>{1.000, 1.000, 1.000, 1.000}</string>
								<key>isDecreasingBranchThickness</key>
								<true/>
								<key>isDrawingFill</key>
								<false/>
								<key>isLeftAligned</key>
								<false/>
								<key>location</key>
								<string>{-345.03240518826317, 168.28547496100418}</string>
								<key>nodeID</key>
								<string>30EC4D35-E2B2-4B19-9E1A-DDC1D8BE41A3</string>
								<key>strokeColor</key>
								<string>{0.000, 0.608, 0.847, 1.000}</string>
								<key>strokeStyle</key>
								<integer>0</integer>
								<key>strokeWidth</key>
								<real>5</real>
								<key>subnodes</key>
								<array>
									<dict>
										<key>contentAlignment</key>
										<integer>1</integer>
										<key>fillColor</key>
										<string>{1.000, 1.000, 1.000, 1.000}</string>
										<key>isDecreasingBranchThickness</key>
										<true/>
										<key>isDrawingFill</key>
										<false/>
										<key>isLeftAligned</key>
										<false/>
										<key>location</key>
										<string>{103.80184276288185, -416.4701753067319}</string>
										<key>nodeID</key>
										<string>CDF8FE55-461A-4963-AF9E-9741E2258E95</string>
										<key>strokeColor</key>
										<string>{0.000, 0.608, 0.847, 1.000}</string>
										<key>strokeStyle</key>
										<integer>0</integer>
										<key>strokeWidth</key>
										<real>4</real>
										<key>subnodes</key>
										<array>
											<dict>
												<key>attachment</key>
												<dict>
													<key>fileName</key>
													<string>6F4068B4-AEEE-44D1-A317-20D62273D04C.tiff</string>
													<key>size</key>
													<string>{623.65938807326643, 287.67387266759823}</string>
													<key>type</key>
													<integer>2</integer>
												</dict>
												<key>contentAlignment</key>
												<integer>1</integer>
												<key>fillColor</key>
												<string>{1.000, 1.000, 1.000, 1.000}</string>
												<key>isDecreasingBranchThickness</key>
												<true/>
												<key>isDrawingFill</key>
												<false/>
												<key>isLeftAligned</key>
												<false/>
												<key>location</key>
												<string>{313.81407490421202, -902.3640477372744}</string>
												<key>nodeID</key>
												<string>DD35C8FF-BBE7-4BD3-904B-899BEE18A87D</string>
												<key>strokeColor</key>
												<string>{0.000, 0.608, 0.847, 1.000}</string>
												<key>strokeStyle</key>
												<integer>0</integer>
												<key>strokeWidth</key>
												<real>3</real>
												<key>subnodes</key>
												<array/>
												<key>title</key>
												<dict>
													<key>constrainedWidth</key>
													<integer>278</integer>
													<key>htmlText</key>
													<string>&lt;p style='color: rgba(0, 0, 0, 1.000000); font: italic 36px "Helvetica Neue"; -cocoa-font-postscriptname: "HelveticaNeue-MediumItalic"; '&gt;down&lt;/p&gt;</string>
													<key>shrinkToFitContent</key>
													<integer>0</integer>
													<key>text</key>
													<string>{\rtf1\ansi\ansicpg1252\cocoartf1265
{\fonttbl\f0\fnil\fcharset0 HelveticaNeue-MediumItalic;}
{\colortbl;\red255\green255\blue255;\red0\green0\blue0;}
\pard\tx560\tx1120\tx1680\tx2240\tx2800\tx3360\tx3920\tx4480\tx5040\tx5600\tx6160\tx6720\pardirnatural

\f0\i\fs72 \cf2 down}</string>
												</dict>
											</dict>
											<dict>
												<key>attachment</key>
												<dict>
													<key>fileName</key>
													<string>1728C883-C03B-4895-A460-1922E120BAAA.tiff</string>
													<key>size</key>
													<string>{789.88511155049991, 98.735638943812489}</string>
													<key>type</key>
													<integer>2</integer>
												</dict>
												<key>contentAlignment</key>
												<integer>1</integer>
												<key>fillColor</key>
												<string>{1.000, 1.000, 1.000, 1.000}</string>
												<key>isDecreasingBranchThickness</key>
												<true/>
												<key>isDrawingFill</key>
												<false/>
												<key>isLeftAligned</key>
												<false/>
												<key>location</key>
												<string>{307.18206244619068, -530.34230697151327}</string>
												<key>nodeID</key>
												<string>09E60A7A-9862-4D46-9954-C7F32968484D</string>
												<key>strokeColor</key>
												<string>{0.000, 0.608, 0.847, 1.000}</string>
												<key>strokeStyle</key>
												<integer>0</integer>
												<key>strokeWidth</key>
												<real>3</real>
												<key>subnodes</key>
												<array/>
												<key>title</key>
												<dict>
													<key>constrainedWidth</key>
													<integer>753</integer>
													<key>htmlText</key>
													<string>&lt;p style='color: rgba(0, 0, 0, 1.000000); font: italic 36px "Helvetica Neue"; -cocoa-font-postscriptname: "HelveticaNeue-MediumItalic"; '&gt;__down&lt;/p&gt;</string>
													<key>shrinkToFitContent</key>
													<integer>0</integer>
													<key>text</key>
													<string>{\rtf1\ansi\ansicpg1252\cocoartf1265
{\fonttbl\f0\fnil\fcharset0 HelveticaNeue-MediumItalic;}
{\colortbl;\red255\green255\blue255;\red0\green0\blue0;}
\pard\tx560\tx1120\tx1680\tx2240\tx2800\tx3360\tx3920\tx4480\tx5040\tx5600\tx6160\tx6720\pardirnatural

\f0\i\fs72 \cf2 __down}</string>
												</dict>
											</dict>
											<dict>
												<key>attachment</key>
												<dict>
													<key>fileName</key>
													<string>6CB32B54-0B06-4716-BCFC-9279C0FAFAED.tiff</string>
													<key>size</key>
													<string>{1067.2766576678891, 887.17372168643271}</string>
													<key>type</key>
													<integer>2</integer>
												</dict>
												<key>contentAlignment</key>
												<integer>1</integer>
												<key>fillColor</key>
												<string>{1.000, 1.000, 1.000, 1.000}</string>
												<key>isDecreasingBranchThickness</key>
												<true/>
												<key>isDrawingFill</key>
												<false/>
												<key>isLeftAligned</key>
												<false/>
												<key>location</key>
												<string>{1323.7430816059339, -280.1270206276123}</string>
												<key>nodeID</key>
												<string>CF4D4FCE-7BA1-4FF2-B4DD-57FC1932A1BD</string>
												<key>strokeColor</key>
												<string>{0.000, 0.608, 0.847, 1.000}</string>
												<key>strokeStyle</key>
												<integer>0</integer>
												<key>strokeWidth</key>
												<real>3</real>
												<key>subnodes</key>
												<array/>
												<key>title</key>
												<dict>
													<key>constrainedWidth</key>
													<integer>486</integer>
													<key>htmlText</key>
													<string>&lt;p style='color: rgba(0, 0, 0, 1.000000); font: italic 36px "Helvetica Neue"; -cocoa-font-postscriptname: "HelveticaNeue-MediumItalic"; '&gt;__down_common&lt;/p&gt;</string>
													<key>shrinkToFitContent</key>
													<integer>0</integer>
													<key>text</key>
													<string>{\rtf1\ansi\ansicpg1252\cocoartf1265
{\fonttbl\f0\fnil\fcharset0 HelveticaNeue-MediumItalic;}
{\colortbl;\red255\green255\blue255;\red0\green0\blue0;}
\pard\tx560\tx1120\tx1680\tx2240\tx2800\tx3360\tx3920\tx4480\tx5040\tx5600\tx6160\tx6720\pardirnatural

\f0\i\fs72 \cf2 __down_common}</string>
												</dict>
											</dict>
											<dict>
												<key>attachment</key>
												<dict>
													<key>fileName</key>
													<string>56869710-91D6-412D-BD01-A749AAC9C5A0.tiff</string>
													<key>size</key>
													<string>{701.17231772138007, 241.02798421672424}</string>
													<key>type</key>
													<integer>2</integer>
												</dict>
												<key>contentAlignment</key>
												<integer>1</integer>
												<key>fillColor</key>
												<string>{1.000, 1.000, 1.000, 1.000}</string>
												<key>isDecreasingBranchThickness</key>
												<true/>
												<key>isDrawingFill</key>
												<false/>
												<key>isLeftAligned</key>
												<false/>
												<key>location</key>
												<string>{336.28140946636472, -95.328755289150877}</string>
												<key>nodeID</key>
												<string>FC962A1D-9D9C-45EB-B6E2-C351F40E5AE2</string>
												<key>strokeColor</key>
												<string>{0.000, 0.608, 0.847, 1.000}</string>
												<key>strokeStyle</key>
												<integer>0</integer>
												<key>strokeWidth</key>
												<real>3</real>
												<key>subnodes</key>
												<array/>
												<key>title</key>
												<dict>
													<key>constrainedWidth</key>
													<integer>792</integer>
													<key>htmlText</key>
													<string>&lt;p style='color: rgba(0, 0, 0, 1.000000); font: italic 36px "Helvetica Neue"; -cocoa-font-postscriptname: "HelveticaNeue-MediumItalic"; '&gt;waiter&lt;/p&gt;</string>
													<key>shrinkToFitContent</key>
													<integer>0</integer>
													<key>text</key>
													<string>{\rtf1\ansi\ansicpg1252\cocoartf1265
{\fonttbl\f0\fnil\fcharset0 HelveticaNeue-MediumItalic;}
{\colortbl;\red255\green255\blue255;\red0\green0\blue0;}
\pard\tx560\tx1120\tx1680\tx2240\tx2800\tx3360\tx3920\tx4480\tx5040\tx5600\tx6160\tx6720\pardirnatural

\f0\i\fs72 \cf2 waiter}</string>
												</dict>
											</dict>
										</array>
										<key>title</key>
										<dict>
											<key>constrainedWidth</key>
											<integer>300</integer>
											<key>htmlText</key>
											<string>&lt;p style='color: rgba(0, 0, 0, 1.000000); font: italic 36px "Helvetica Neue"; -cocoa-font-postscriptname: "HelveticaNeue-MediumItalic"; '&gt;down&lt;/p&gt;</string>
											<key>shrinkToFitContent</key>
											<integer>1</integer>
											<key>text</key>
											<string>{\rtf1\ansi\ansicpg1252\cocoartf1265
{\fonttbl\f0\fnil\fcharset0 HelveticaNeue-MediumItalic;}
{\colortbl;\red255\green255\blue255;\red0\green0\blue0;}
\pard\tx560\tx1120\tx1680\tx2240\tx2800\tx3360\tx3920\tx4480\tx5040\tx5600\tx6160\tx6720\pardirnatural

\f0\i\fs72 \cf2 down}</string>
										</dict>
									</dict>
									<dict>
										<key>contentAlignment</key>
										<integer>1</integer>
										<key>fillColor</key>
										<string>{1.000, 1.000, 1.000, 1.000}</string>
										<key>isDecreasingBranchThickness</key>
										<true/>
										<key>isDrawingFill</key>
										<false/>
										<key>isLeftAligned</key>
										<false/>
										<key>location</key>
										<string>{146.01978312628182, 701.54785054203217}</string>
										<key>nodeID</key>
										<string>873150DE-BD3C-4A4E-85CE-B88C9487F8C0</string>
										<key>strokeColor</key>
										<string>{0.000, 0.608, 0.847, 1.000}</string>
										<key>strokeStyle</key>
										<integer>0</integer>
										<key>strokeWidth</key>
										<real>4</real>
										<key>subnodes</key>
										<array>
											<dict>
												<key>attachment</key>
												<dict>
													<key>fileName</key>
													<string>5C434379-6A23-4BCE-9AE1-E9220BD9C41F.tiff</string>
													<key>size</key>
													<string>{619.81250980572054, 276.32849016205301}</string>
													<key>type</key>
													<integer>2</integer>
												</dict>
												<key>contentAlignment</key>
												<integer>1</integer>
												<key>fillColor</key>
												<string>{1.000, 1.000, 1.000, 1.000}</string>
												<key>isDecreasingBranchThickness</key>
												<true/>
												<key>isDrawingFill</key>
												<false/>
												<key>isLeftAligned</key>
												<false/>
												<key>location</key>
												<string>{382.48567220339396, 279.36501045585476}</string>
												<key>nodeID</key>
												<string>0EA18C00-EAAF-409E-A29B-454E107AA554</string>
												<key>strokeColor</key>
												<string>{0.000, 0.608, 0.847, 1.000}</string>
												<key>strokeStyle</key>
												<integer>0</integer>
												<key>strokeWidth</key>
												<real>3</real>
												<key>subnodes</key>
												<array/>
												<key>title</key>
												<dict>
													<key>constrainedWidth</key>
													<integer>53</integer>
													<key>htmlText</key>
													<string>&lt;p style='color: rgba(0, 0, 0, 1.000000); font: italic 36px "Helvetica Neue"; -cocoa-font-postscriptname: "HelveticaNeue-MediumItalic"; '&gt;up&lt;/p&gt;</string>
													<key>shrinkToFitContent</key>
													<integer>1</integer>
													<key>text</key>
													<string>{\rtf1\ansi\ansicpg1252\cocoartf1265
{\fonttbl\f0\fnil\fcharset0 HelveticaNeue-MediumItalic;}
{\colortbl;\red255\green255\blue255;\red0\green0\blue0;}
\pard\tx560\tx1120\tx1680\tx2240\tx2800\tx3360\tx3920\tx4480\tx5040\tx5600\tx6160\tx6720\pardirnatural

\f0\i\fs72 \cf2 up}</string>
												</dict>
											</dict>
											<dict>
												<key>attachment</key>
												<dict>
													<key>fileName</key>
													<string>7A4DBFA2-32F5-490E-80F8-92C8620E241F.tiff</string>
													<key>size</key>
													<string>{899.20928448078985, 194.62933726972364}</string>
													<key>type</key>
													<integer>2</integer>
												</dict>
												<key>contentAlignment</key>
												<integer>1</integer>
												<key>fillColor</key>
												<string>{1.000, 1.000, 1.000, 1.000}</string>
												<key>isDecreasingBranchThickness</key>
												<true/>
												<key>isDrawingFill</key>
												<false/>
												<key>isLeftAligned</key>
												<false/>
												<key>location</key>
												<string>{391.19513362800853, 747.95173240689564}</string>
												<key>nodeID</key>
												<string>53BDA827-8FDE-4DB2-8942-BC19818C8B2B</string>
												<key>strokeColor</key>
												<string>{0.000, 0.608, 0.847, 1.000}</string>
												<key>strokeStyle</key>
												<integer>0</integer>
												<key>strokeWidth</key>
												<real>3</real>
												<key>subnodes</key>
												<array/>
												<key>title</key>
												<dict>
													<key>constrainedWidth</key>
													<integer>316</integer>
													<key>htmlText</key>
													<string>&lt;p style='color: rgba(0, 0, 0, 1.000000); font: italic 36px "Helvetica Neue"; -cocoa-font-postscriptname: "HelveticaNeue-MediumItalic"; '&gt;__up_common&lt;/p&gt;</string>
													<key>shrinkToFitContent</key>
													<integer>0</integer>
													<key>text</key>
													<string>{\rtf1\ansi\ansicpg1252\cocoartf1265
{\fonttbl\f0\fnil\fcharset0 HelveticaNeue-MediumItalic;}
{\colortbl;\red255\green255\blue255;\red0\green0\blue0;}
\pard\tx560\tx1120\tx1680\tx2240\tx2800\tx3360\tx3920\tx4480\tx5040\tx5600\tx6160\tx6720\pardirnatural

\f0\i\fs72 \cf2 __up_common}</string>
												</dict>
											</dict>
										</array>
										<key>title</key>
										<dict>
											<key>constrainedWidth</key>
											<integer>300</integer>
											<key>htmlText</key>
											<string>&lt;p style='color: rgba(0, 0, 0, 1.000000); font: italic 36px "Helvetica Neue"; -cocoa-font-postscriptname: "HelveticaNeue-MediumItalic"; '&gt;up&lt;/p&gt;</string>
											<key>shrinkToFitContent</key>
											<integer>1</integer>
											<key>text</key>
											<string>{\rtf1\ansi\ansicpg1252\cocoartf1265
{\fonttbl\f0\fnil\fcharset0 HelveticaNeue-MediumItalic;}
{\colortbl;\red255\green255\blue255;\red0\green0\blue0;}
\pard\tx560\tx1120\tx1680\tx2240\tx2800\tx3360\tx3920\tx4480\tx5040\tx5600\tx6160\tx6720\pardirnatural

\f0\i\fs72 \cf2 up}</string>
										</dict>
									</dict>
								</array>
								<key>title</key>
								<dict>
									<key>constrainedWidth</key>
									<integer>300</integer>
									<key>htmlText</key>
									<string>&lt;p style='color: rgba(0, 0, 0, 1.000000); font: italic 36px "Helvetica Neue"; -cocoa-font-postscriptname: "HelveticaNeue-MediumItalic"; '&gt;semaphore.c&lt;/p&gt;</string>
									<key>shrinkToFitContent</key>
									<integer>1</integer>
									<key>text</key>
									<string>{\rtf1\ansi\ansicpg1252\cocoartf1265
{\fonttbl\f0\fnil\fcharset0 HelveticaNeue-MediumItalic;}
{\colortbl;\red255\green255\blue255;\red0\green0\blue0;}
\pard\tx560\tx1120\tx1680\tx2240\tx2800\tx3360\tx3920\tx4480\tx5040\tx5600\tx6160\tx6720\pardirnatural

\f0\i\fs72 \cf2 semaphore.c}</string>
								</dict>
							</dict>
							<dict>
								<key>contentAlignment</key>
								<integer>1</integer>
								<key>fillColor</key>
								<string>{1.000, 1.000, 1.000, 1.000}</string>
								<key>isDecreasingBranchThickness</key>
								<true/>
								<key>isDrawingFill</key>
								<false/>
								<key>isLeftAligned</key>
								<false/>
								<key>location</key>
								<string>{-198.56213952460541, 841.36167049861342}</string>
								<key>nodeID</key>
								<string>3F37FFD7-0B21-4428-9F26-29FD670843FF</string>
								<key>strokeColor</key>
								<string>{0.000, 0.608, 0.847, 1.000}</string>
								<key>strokeStyle</key>
								<integer>0</integer>
								<key>strokeWidth</key>
								<real>5</real>
								<key>subnodes</key>
								<array>
									<dict>
										<key>contentAlignment</key>
										<integer>1</integer>
										<key>fillColor</key>
										<string>{1.000, 1.000, 1.000, 1.000}</string>
										<key>isDecreasingBranchThickness</key>
										<true/>
										<key>isDrawingFill</key>
										<false/>
										<key>isLeftAligned</key>
										<false/>
										<key>location</key>
										<string>{75.70849017326691, 996.11668451436253}</string>
										<key>nodeID</key>
										<string>C15494F4-C0AC-4616-A3E3-F772850B9F8B</string>
										<key>strokeColor</key>
										<string>{0.000, 0.608, 0.847, 1.000}</string>
										<key>strokeStyle</key>
										<integer>0</integer>
										<key>strokeWidth</key>
										<real>4</real>
										<key>subnodes</key>
										<array/>
										<key>title</key>
										<dict>
											<key>constrainedWidth</key>
											<integer>384</integer>
											<key>htmlText</key>
											<string>&lt;p style='color: rgba(0, 0, 0, 1.000000); font: italic 36px "Helvetica Neue"; -cocoa-font-postscriptname: "HelveticaNeue-MediumItalic"; '&gt;schedule_timeout&lt;/p&gt;</string>
											<key>shrinkToFitContent</key>
											<integer>0</integer>
											<key>text</key>
											<string>{\rtf1\ansi\ansicpg1252\cocoartf1265
{\fonttbl\f0\fnil\fcharset0 HelveticaNeue-MediumItalic;}
{\colortbl;\red255\green255\blue255;\red0\green0\blue0;}
\pard\tx560\tx1120\tx1680\tx2240\tx2800\tx3360\tx3920\tx4480\tx5040\tx5600\tx6160\tx6720\pardirnatural

\f0\i\fs72 \cf2 schedule_timeout}</string>
										</dict>
									</dict>
								</array>
								<key>title</key>
								<dict>
									<key>constrainedWidth</key>
									<integer>300</integer>
									<key>htmlText</key>
									<string>&lt;p style='color: rgba(0, 0, 0, 1.000000); font: italic 36px "Helvetica Neue"; -cocoa-font-postscriptname: "HelveticaNeue-MediumItalic"; '&gt;timer.c&lt;/p&gt;</string>
									<key>shrinkToFitContent</key>
									<integer>1</integer>
									<key>text</key>
									<string>{\rtf1\ansi\ansicpg1252\cocoartf1265
{\fonttbl\f0\fnil\fcharset0 HelveticaNeue-MediumItalic;}
{\colortbl;\red255\green255\blue255;\red0\green0\blue0;}
\pard\tx560\tx1120\tx1680\tx2240\tx2800\tx3360\tx3920\tx4480\tx5040\tx5600\tx6160\tx6720\pardirnatural

\f0\i\fs72 \cf2 timer.c}</string>
								</dict>
							</dict>
							<dict>
								<key>contentAlignment</key>
								<integer>1</integer>
								<key>fillColor</key>
								<string>{1.000, 1.000, 1.000, 1.000}</string>
								<key>isDecreasingBranchThickness</key>
								<true/>
								<key>isDrawingFill</key>
								<false/>
								<key>isLeftAligned</key>
								<false/>
								<key>location</key>
								<string>{-171.98297518962784, 1147.1272641513133}</string>
								<key>nodeID</key>
								<string>5C685B57-4138-4867-9159-62AD90898729</string>
								<key>strokeColor</key>
								<string>{0.000, 0.608, 0.847, 1.000}</string>
								<key>strokeStyle</key>
								<integer>0</integer>
								<key>strokeWidth</key>
								<real>5</real>
								<key>subnodes</key>
								<array>
									<dict>
										<key>contentAlignment</key>
										<integer>1</integer>
										<key>fillColor</key>
										<string>{1.000, 1.000, 1.000, 1.000}</string>
										<key>isDecreasingBranchThickness</key>
										<true/>
										<key>isDrawingFill</key>
										<false/>
										<key>isLeftAligned</key>
										<false/>
										<key>location</key>
										<string>{1.0170248103721633, 1147.1272641513133}</string>
										<key>nodeID</key>
										<string>9B66B2DB-9EBE-496B-91F5-2EB425477463</string>
										<key>strokeColor</key>
										<string>{0.000, 0.608, 0.847, 1.000}</string>
										<key>strokeStyle</key>
										<integer>0</integer>
										<key>strokeWidth</key>
										<real>4</real>
										<key>subnodes</key>
										<array/>
										<key>title</key>
										<dict>
											<key>constrainedWidth</key>
											<integer>300</integer>
											<key>htmlText</key>
											<string>&lt;p style='color: rgba(0, 0, 0, 1.000000); font: italic 36px "Helvetica Neue"; -cocoa-font-postscriptname: "HelveticaNeue-MediumItalic"; '&gt;schecule()&lt;/p&gt;</string>
											<key>shrinkToFitContent</key>
											<integer>1</integer>
											<key>text</key>
											<string>{\rtf1\ansi\ansicpg1252\cocoartf1265
{\fonttbl\f0\fnil\fcharset0 HelveticaNeue-MediumItalic;}
{\colortbl;\red255\green255\blue255;\red0\green0\blue0;}
\pard\tx560\tx1120\tx1680\tx2240\tx2800\tx3360\tx3920\tx4480\tx5040\tx5600\tx6160\tx6720\pardirnatural

\f0\i\fs72 \cf2 schecule()}</string>
										</dict>
									</dict>
								</array>
								<key>title</key>
								<dict>
									<key>constrainedWidth</key>
									<integer>300</integer>
									<key>htmlText</key>
									<string>&lt;p style='color: rgba(0, 0, 0, 1.000000); font: italic 36px "Helvetica Neue"; -cocoa-font-postscriptname: "HelveticaNeue-MediumItalic"; '&gt;sched&lt;/p&gt;</string>
									<key>shrinkToFitContent</key>
									<integer>1</integer>
									<key>text</key>
									<string>{\rtf1\ansi\ansicpg1252\cocoartf1265
{\fonttbl\f0\fnil\fcharset0 HelveticaNeue-MediumItalic;}
{\colortbl;\red255\green255\blue255;\red0\green0\blue0;}
\pard\tx560\tx1120\tx1680\tx2240\tx2800\tx3360\tx3920\tx4480\tx5040\tx5600\tx6160\tx6720\pardirnatural

\f0\i\fs72 \cf2 sched}</string>
								</dict>
							</dict>
						</array>
						<key>title</key>
						<dict>
							<key>constrainedWidth</key>
							<integer>300</integer>
							<key>htmlText</key>
							<string>&lt;p style='color: rgba(0, 0, 0, 1.000000); font: italic 36px "Helvetica Neue"; -cocoa-font-postscriptname: "HelveticaNeue-MediumItalic"; '&gt;kernel&lt;/p&gt;</string>
							<key>shrinkToFitContent</key>
							<integer>1</integer>
							<key>text</key>
							<string>{\rtf1\ansi\ansicpg1252\cocoartf1265
{\fonttbl\f0\fnil\fcharset0 HelveticaNeue-MediumItalic;}
{\colortbl;\red255\green255\blue255;\red0\green0\blue0;}
\pard\tx560\tx1120\tx1680\tx2240\tx2800\tx3360\tx3920\tx4480\tx5040\tx5600\tx6160\tx6720\pardirnatural

\f0\i\fs72 \cf2 kernel}</string>
						</dict>
					</dict>
				</array>
				<key>title</key>
				<dict>
					<key>constrainedWidth</key>
					<integer>300</integer>
					<key>htmlText</key>
					<string>&lt;p style='color: rgba(0, 0, 0, 1.000000); font: italic 36px "Helvetica Neue"; text-align: left; -cocoa-font-postscriptname: "HelveticaNeue-MediumItalic"; '&gt;Linux 3.12.1&lt;/p&gt;</string>
					<key>shrinkToFitContent</key>
					<integer>1</integer>
					<key>text</key>
					<string>{\rtf1\ansi\ansicpg1252\cocoartf1265
{\fonttbl\f0\fnil\fcharset0 HelveticaNeue-MediumItalic;}
{\colortbl;\red255\green255\blue255;\red0\green0\blue0;}
\pard\tx560\tx1120\tx1680\tx2240\tx2800\tx3360\tx3920\tx4480\tx5040\tx5600\tx6160\tx6720\pardirnatural

\f0\i\fs72 \cf2 Linux 3.12.1}</string>
				</dict>
			</dict>
		</array>
	</dict>
	<key>printInfo</key>
	<data>
	BAtzdHJlYW10eXBlZIHoA4QBQISEhAtOU1ByaW50SW5mbwGEhAhOU09iamVjdACFkoSE
	hBNOU011dGFibGVEaWN0aW9uYXJ5AISEDE5TRGljdGlvbmFyeQCUhAFpCJKEhIQITlNT
	dHJpbmcBlIQBKxZOU0hvcml6b250YWxseUNlbnRlcmVkhpKEhIQITlNOdW1iZXIAhIQH
	TlNWYWx1ZQCUhAEqhIQBY50BhpKEmZkNTlNSaWdodE1hcmdpboaShJuchIQBZp5IhpKE
	mZkMTlNMZWZ0TWFyZ2luhpKEm5ygnkiGkoSZmRVOU0hvcml6b25hbFBhZ2luYXRpb26G
	koSbnISXlwKGkoSZmRROU1ZlcnRpY2FsUGFnaW5hdGlvboaShJucpZcAhpKEmZkUTlNW
	ZXJ0aWNhbGx5Q2VudGVyZWSGkpqShJmZC05TVG9wTWFyZ2luhpKEm5ygnlqGkoSZmQ5O
	U0JvdHRvbU1hcmdpboaShJucoJ5ahoaG
	</data>
	<key>title</key>
	<string>Linux 3.12.1</string>
	<key>version</key>
	<integer>4</integer>
</dict>
</plist>
